component_id,size_cells,centroid_px,centroid_py,centroid_map_x,centroid_map_y
34218,2,5305.0,1130.0,137.000,167.850
37560,2,5335.5,1150.0,138.525,166.850
39399,2,5278.5,1160.0,135.675,166.350
41634,2,5185.0,1170.0,131.000,165.850
42369,2,5185.0,1172.5,131.000,165.725
43392,2,5315.0,1176.5,137.500,165.525
43902,2,5142.5,1180.0,128.875,165.350
43903,2,5155.0,1179.5,129.500,165.375
43904,2,5162.5,1180.0,129.875,165.350
43907,2,5280.5,1180.0,135.775,165.350
45784,2,4892.5,1190.0,116.375,164.850
45787,2,4968.5,1190.0,120.175,164.850
45792,2,5044.5,1190.0,123.975,164.850
45798,2,5108.5,1190.0,127.175,164.850
45799,2,5110.5,1190.0,127.275,164.850
45800,2,5116.5,1190.0,127.575,164.850
45801,2,5125.0,1190.0,128.000,164.850
45803,3,5155.0,1190.0,129.500,164.850
45804,2,5160.5,1190.0,129.775,164.850
45808,2,5194.5,1190.0,131.475,164.850
45820,2,5445.5,1190.0,144.025,164.850
45981,2,5135.0,1190.5,128.500,164.825
45992,2,5285.0,1190.5,136.000,164.825
47561,2,4634.5,1200.0,103.475,164.350
47563,2,4646.5,1200.0,104.075,164.350
47568,2,4686.5,1200.0,106.075,164.350
47570,2,4696.5,1200.0,106.575,164.350
47575,2,4742.5,1200.0,108.875,164.350
47576,2,4752.5,1200.0,109.375,164.350
47585,2,4890.5,1200.0,116.275,164.350
47589,2,4910.5,1200.0,117.275,164.350
47594,2,4976.5,1200.0,120.575,164.350
47598,2,5042.5,1200.0,123.875,164.350
47601,2,5064.5,1200.0,124.975,164.350
47604,2,5102.5,1200.0,126.875,164.350
47616,2,5224.5,1200.0,132.975,164.350
47618,3,5275.0,1200.0,135.500,164.350
47624,2,5360.5,1200.0,139.775,164.350
49170,2,5155.0,1206.5,129.500,164.025
49172,2,5185.0,1206.5,131.000,164.025
49455,2,4012.5,1210.0,72.375,163.850
49456,3,4027.0,1210.0,73.100,163.850
49469,2,4126.5,1210.0,78.075,163.850
49471,2,4136.5,1210.0,78.575,163.850
49473,2,4144.5,1210.0,78.975,163.850
49475,2,4156.5,1210.0,79.575,163.850
49477,2,4166.5,1210.0,80.075,163.850
49478,2,4168.5,1210.0,80.175,163.850
49479,2,4176.5,1210.0,80.575,163.850
49480,2,4182.5,1210.0,80.875,163.850
49483,2,4192.5,1210.0,81.375,163.850
49484,2,4200.5,1210.0,81.775,163.850
49485,2,4206.5,1210.0,82.075,163.850
49488,2,4244.5,1210.0,83.975,163.850
49489,2,4246.5,1210.0,84.075,163.850
49491,2,4262.5,1210.0,84.875,163.850
49492,2,4276.5,1210.0,85.575,163.850
49493,2,4278.5,1210.0,85.675,163.850
49494,2,4282.5,1210.0,85.875,163.850
49495,2,4284.5,1210.0,85.975,163.850
49496,2,4286.5,1210.0,86.075,163.850
49497,2,4288.5,1210.0,86.175,163.850
49499,2,4298.5,1210.0,86.675,163.850
49501,2,4302.5,1210.0,86.875,163.850
49504,2,4310.5,1210.0,87.275,163.850
49506,2,4314.5,1210.0,87.475,163.850
49507,2,4316.5,1210.0,87.575,163.850
49508,2,4318.5,1210.0,87.675,163.850
49509,2,4328.5,1210.0,88.175,163.850
49511,2,4340.5,1210.0,88.775,163.850
49514,2,4358.5,1210.0,89.675,163.850
49518,2,4372.5,1210.0,90.375,163.850
49519,2,4378.5,1210.0,90.675,163.850
49520,2,4380.5,1210.0,90.775,163.850
49522,2,4386.5,1210.0,91.075,163.850
49523,2,4388.5,1210.0,91.175,163.850
49528,2,4402.5,1210.0,91.875,163.850
49530,2,4406.5,1210.0,92.075,163.850
49531,2,4408.5,1210.0,92.175,163.850
49533,2,4414.5,1210.0,92.475,163.850
49539,2,4454.5,1210.0,94.475,163.850
49540,2,4458.5,1210.0,94.675,163.850
49541,2,4460.5,1210.0,94.775,163.850
49544,2,4482.5,1210.0,95.875,163.850
49549,2,4500.5,1210.0,96.775,163.850
49554,2,4554.5,1210.0,99.475,163.850
49555,2,4560.5,1210.0,99.775,163.850
49556,2,4562.5,1210.0,99.875,163.850
49557,2,4566.5,1210.0,100.075,163.850
49558,2,4568.5,1210.0,100.175,163.850
49562,2,4590.5,1210.0,101.275,163.850
49563,2,4592.5,1210.0,101.375,163.850
49566,2,4604.5,1210.0,101.975,163.850
49571,2,4650.5,1210.0,104.275,163.850
49572,2,4654.5,1210.0,104.475,163.850
49573,2,4658.5,1210.0,104.675,163.850
49576,2,4668.5,1210.0,105.175,163.850
49579,2,4684.5,1210.0,105.975,163.850
49584,2,4702.5,1210.0,106.875,163.850
49588,2,4720.5,1210.0,107.775,163.850
49591,2,4744.5,1210.0,108.975,163.850
49594,2,4752.5,1210.0,109.375,163.850
49595,2,4764.5,1210.0,109.975,163.850
49605,2,4850.5,1210.0,114.275,163.850
49607,2,4862.5,1210.0,114.875,163.850
49610,2,4872.5,1210.0,115.375,163.850
49614,2,4902.5,1210.0,116.875,163.850
49618,2,4956.5,1210.0,119.575,163.850
49619,2,4978.5,1210.0,120.675,163.850
49620,2,4984.5,1210.0,120.975,163.850
49622,2,4988.5,1210.0,121.175,163.850
49623,2,4990.5,1210.0,121.275,163.850
49629,2,5040.5,1210.0,123.775,163.850
49631,2,5052.5,1210.0,124.375,163.850
49634,2,5084.5,1210.0,125.975,163.850
49637,2,5124.5,1210.0,127.975,163.850
49638,3,5135.0,1210.0,128.500,163.850
49641,3,5175.0,1210.0,130.500,163.850
49642,2,5195.0,1209.5,131.500,163.875
49648,2,5315.5,1210.0,137.525,163.850
49653,2,5375.0,1210.0,140.500,163.850
49879,2,5145.0,1210.5,129.000,163.825
50173,2,4087.0,1212.5,76.100,163.725
50358,2,5135.0,1212.5,128.500,163.725
50646,2,3937.0,1214.5,68.600,163.625
50672,2,4077.0,1214.5,75.600,163.625
50674,2,4087.0,1214.5,76.100,163.625
50866,2,5135.0,1214.5,128.500,163.625
50868,2,5145.0,1214.5,129.000,163.625
51195,2,4067.0,1216.5,75.100,163.525
51198,2,4087.0,1216.5,76.100,163.525
51377,2,5135.0,1216.5,128.500,163.525
51604,2,3472.5,1220.0,45.375,163.350
51621,2,3674.5,1220.0,55.475,163.350
51624,2,3717.5,1220.0,57.625,163.350
51625,2,3727.5,1220.0,58.125,163.350
51626,2,3732.5,1220.0,58.375,163.350
51628,2,3757.0,1220.0,59.600,163.350
51630,2,3792.5,1220.0,61.375,163.350
51633,2,3804.5,1220.0,61.975,163.350
51635,2,3814.5,1220.0,62.475,163.350
51636,3,3817.0,1220.0,62.600,163.350
51638,2,3827.0,1220.0,63.100,163.350
51641,3,3847.0,1220.0,64.100,163.350
51643,2,3867.0,1220.0,65.100,163.350
51645,2,3910.5,1220.0,67.275,163.350
51646,3,3917.0,1220.0,67.600,163.350
51647,2,3932.5,1220.0,68.375,163.350
51649,2,3936.5,1220.0,68.575,163.350
51651,2,3944.5,1220.0,68.975,163.350
51652,3,3947.0,1220.0,69.100,163.350
51656,2,3962.5,1220.0,69.875,163.350
51665,2,4030.5,1220.0,73.275,163.350
51668,2,4060.5,1220.0,74.775,163.350
51669,2,4062.5,1220.0,74.875,163.350
51681,2,4128.5,1220.0,78.175,163.350
51685,2,4164.5,1220.0,79.975,163.350
51686,2,4166.5,1220.0,80.075,163.350
51690,2,4182.5,1220.0,80.875,163.350
51691,2,4184.5,1220.0,80.975,163.350
51692,2,4192.5,1220.0,81.375,163.350
51693,2,4194.5,1220.0,81.475,163.350
51701,2,4236.5,1220.0,83.575,163.350
51702,2,4238.5,1220.0,83.675,163.350
51703,2,4240.5,1220.0,83.775,163.350
51704,2,4252.5,1220.0,84.375,163.350
51709,2,4276.5,1220.0,85.575,163.350
51710,2,4278.5,1220.0,85.675,163.350
51711,2,4282.5,1220.0,85.875,163.350
51713,2,4286.5,1220.0,86.075,163.350
51714,2,4292.5,1220.0,86.375,163.350
51715,2,4312.5,1220.0,87.375,163.350
51716,2,4314.5,1220.0,87.475,163.350
51717,2,4318.5,1220.0,87.675,163.350
51718,2,4320.5,1220.0,87.775,163.350
51723,2,4340.5,1220.0,88.775,163.350
51724,2,4342.5,1220.0,88.875,163.350
51725,2,4344.5,1220.0,88.975,163.350
51728,2,4350.5,1220.0,89.275,163.350
51729,2,4356.5,1220.0,89.575,163.350
51730,2,4364.5,1220.0,89.975,163.350
51732,2,4368.5,1220.0,90.175,163.350
51733,2,4370.5,1220.0,90.275,163.350
51735,2,4380.5,1220.0,90.775,163.350
51736,2,4382.5,1220.0,90.875,163.350
51737,2,4384.5,1220.0,90.975,163.350
51738,2,4386.5,1220.0,91.075,163.350
51739,2,4388.5,1220.0,91.175,163.350
51740,2,4396.5,1220.0,91.575,163.350
51741,2,4398.5,1220.0,91.675,163.350
51743,2,4406.5,1220.0,92.075,163.350
51747,2,4416.5,1220.0,92.575,163.350
51751,2,4460.5,1220.0,94.775,163.350
51753,2,4470.5,1220.0,95.275,163.350
51754,2,4476.5,1220.0,95.575,163.350
51755,2,4478.5,1220.0,95.675,163.350
51760,2,4528.5,1220.0,98.175,163.350
51761,2,4554.5,1220.0,99.475,163.350
51762,2,4558.5,1220.0,99.675,163.350
51763,2,4562.5,1220.0,99.875,163.350
51764,2,4566.5,1220.0,100.075,163.350
51765,2,4568.5,1220.0,100.175,163.350
51768,2,4586.5,1220.0,101.075,163.350
51769,2,4594.5,1220.0,101.475,163.350
51770,2,4596.5,1220.0,101.575,163.350
51771,2,4600.5,1220.0,101.775,163.350
51772,2,4606.5,1220.0,102.075,163.350
51775,2,4612.5,1220.0,102.375,163.350
51776,2,4614.5,1220.0,102.475,163.350
51777,2,4616.5,1220.0,102.575,163.350
51783,2,4642.5,1220.0,103.875,163.350
51785,2,4646.5,1220.0,104.075,163.350
51786,2,4648.5,1220.0,104.175,163.350
51789,2,4656.5,1220.0,104.575,163.350
51792,2,4670.5,1220.0,105.275,163.350
51793,2,4676.5,1220.0,105.575,163.350
51794,2,4680.5,1220.0,105.775,163.350
51799,2,4702.5,1220.0,106.875,163.350
51800,2,4706.5,1220.0,107.075,163.350
51801,2,4718.5,1220.0,107.675,163.350
51802,2,4728.5,1220.0,108.175,163.350
51806,2,4736.5,1220.0,108.575,163.350
51808,2,4740.5,1220.0,108.775,163.350
51810,2,4744.5,1220.0,108.975,163.350
51814,2,4756.5,1220.0,109.575,163.350
51815,2,4758.5,1220.0,109.675,163.350
51820,2,4782.5,1220.0,110.875,163.350
51830,2,4900.5,1220.0,116.775,163.350
51834,2,4982.5,1220.0,120.875,163.350
51836,2,4992.5,1220.0,121.375,163.350
51841,2,5030.5,1220.0,123.275,163.350
51845,2,5052.5,1220.0,124.375,163.350
51846,2,5054.5,1220.0,124.475,163.350
51847,2,5056.5,1220.0,124.575,163.350
51852,2,5138.5,1220.0,128.675,163.350
51855,2,5182.5,1220.0,130.875,163.350
51857,2,5198.5,1220.0,131.675,163.350
51868,2,5370.5,1220.0,140.275,163.350
52358,2,3817.0,1222.5,62.600,163.225
52370,2,3897.0,1222.5,66.600,163.225
52383,2,3987.0,1222.5,71.100,163.225
52568,2,5135.0,1222.5,128.500,163.225
52819,2,3947.0,1224.5,69.100,163.125
53046,2,5135.0,1224.5,128.500,163.125
53056,2,5215.0,1224.5,132.500,163.125
53235,2,3607.0,1226.5,52.100,163.025
53258,2,3817.0,1226.5,62.600,163.025
53270,2,3897.0,1226.5,66.600,163.025
53648,2,3472.5,1230.0,45.375,162.850
53650,3,3527.0,1230.0,48.100,162.850
53655,2,3566.5,1230.0,50.075,162.850
53660,2,3632.5,1230.0,53.375,162.850
53662,2,3657.5,1230.0,54.625,162.850
53664,2,3670.5,1230.0,55.275,162.850
53670,2,3727.5,1230.0,58.125,162.850
53671,2,3732.5,1230.0,58.375,162.850
53676,2,3804.5,1230.0,61.975,162.850
53677,3,3807.0,1230.0,62.100,162.850
53678,2,3816.5,1230.0,62.575,162.850
53680,2,3824.5,1230.0,62.975,162.850
53681,2,3832.5,1230.0,63.375,162.850
53683,2,3846.5,1230.0,64.075,162.850
53684,2,3852.5,1230.0,64.375,162.850
53688,2,3867.5,1230.0,65.125,162.850
53690,2,3876.5,1230.0,65.575,162.850
53692,2,3884.5,1230.0,65.975,162.850
53696,2,3897.0,1230.0,66.600,162.850
53699,2,3906.5,1230.0,67.075,162.850
53705,2,3940.5,1230.0,68.775,162.850
53706,2,3944.5,1230.0,68.975,162.850
53707,2,3952.5,1230.0,69.375,162.850
53710,2,3962.5,1230.0,69.875,162.850
53712,2,3967.0,1230.0,70.100,162.850
53717,2,3990.5,1230.0,71.275,162.850
53719,2,3994.5,1230.0,71.475,162.850
53720,2,3996.5,1230.0,71.575,162.850
53723,3,4017.0,1230.0,72.600,162.850
53729,2,4050.5,1230.0,74.275,162.850
53730,2,4052.5,1230.0,74.375,162.850
53732,2,4057.0,1230.0,74.600,162.850
53736,2,4102.5,1230.0,76.875,162.850
53737,2,4104.5,1230.0,76.975,162.850
53741,2,4128.5,1230.0,78.175,162.850
53742,2,4164.5,1230.0,79.975,162.850
53743,2,4166.5,1230.0,80.075,162.850
53745,2,4176.5,1230.0,80.575,162.850
53746,2,4178.5,1230.0,80.675,162.850
53747,2,4186.5,1230.0,81.075,162.850
53751,2,4214.5,1230.0,82.475,162.850
53756,2,4238.5,1230.0,83.675,162.850
53760,2,4274.5,1230.0,85.475,162.850
53761,2,4276.5,1230.0,85.575,162.850
53762,2,4278.5,1230.0,85.675,162.850
53764,2,4284.5,1230.0,85.975,162.850
53769,2,4300.5,1230.0,86.775,162.850
53774,2,4318.5,1230.0,87.675,162.850
53776,2,4328.5,1230.0,88.175,162.850
53778,2,4336.5,1230.0,88.575,162.850
53784,2,4358.5,1230.0,89.675,162.850
53785,2,4362.5,1230.0,89.875,162.850
53786,2,4366.5,1230.0,90.075,162.850
53790,2,4378.5,1230.0,90.675,162.850
53791,2,4384.5,1230.0,90.975,162.850
53792,2,4386.5,1230.0,91.075,162.850
53793,2,4388.5,1230.0,91.175,162.850
53794,2,4394.5,1230.0,91.475,162.850
53795,2,4396.5,1230.0,91.575,162.850
53796,2,4398.5,1230.0,91.675,162.850
53814,2,4464.5,1230.0,94.975,162.850
53815,2,4472.5,1230.0,95.375,162.850
53817,2,4488.5,1230.0,96.175,162.850
53823,2,4506.5,1230.0,97.075,162.850
53824,2,4508.5,1230.0,97.175,162.850
53825,2,4510.5,1230.0,97.275,162.850
53826,2,4520.5,1230.0,97.775,162.850
53827,2,4526.5,1230.0,98.075,162.850
53829,2,4534.5,1230.0,98.475,162.850
53831,2,4548.5,1230.0,99.175,162.850
53832,2,4550.5,1230.0,99.275,162.850
53833,2,4552.5,1230.0,99.375,162.850
53834,2,4554.5,1230.0,99.475,162.850
53835,2,4556.5,1230.0,99.575,162.850
53838,2,4564.5,1230.0,99.975,162.850
53839,2,4570.5,1230.0,100.275,162.850
53841,2,4576.5,1230.0,100.575,162.850
53842,2,4584.5,1230.0,100.975,162.850
53844,2,4592.5,1230.0,101.375,162.850
53845,2,4594.5,1230.0,101.475,162.850
53847,2,4600.5,1230.0,101.775,162.850
53849,2,4610.5,1230.0,102.275,162.850
53853,2,4644.5,1230.0,103.975,162.850
53855,2,4654.5,1230.0,104.475,162.850
53858,2,4662.5,1230.0,104.875,162.850
53859,2,4664.5,1230.0,104.975,162.850
53860,2,4666.5,1230.0,105.075,162.850
53862,2,4680.5,1230.0,105.775,162.850
53864,2,4684.5,1230.0,105.975,162.850
53865,2,4690.5,1230.0,106.275,162.850
53867,2,4704.5,1230.0,106.975,162.850
53868,2,4716.5,1230.0,107.575,162.850
53869,2,4718.5,1230.0,107.675,162.850
53870,2,4724.5,1230.0,107.975,162.850
53871,2,4732.5,1230.0,108.375,162.850
53874,2,4750.5,1230.0,109.275,162.850
53877,2,4766.5,1230.0,110.075,162.850
53878,2,4768.5,1230.0,110.175,162.850
53881,2,4786.5,1230.0,111.075,162.850
53891,2,4908.5,1230.0,117.175,162.850
53894,2,4922.5,1230.0,117.875,162.850
53897,2,4984.5,1230.0,120.975,162.850
53902,2,5014.5,1230.0,122.475,162.850
53904,2,5024.5,1230.0,122.975,162.850
53905,2,5030.5,1230.0,123.275,162.850
53913,2,5125.0,1230.0,128.000,162.850
53915,2,5138.5,1230.0,128.675,162.850
53918,3,5215.0,1230.0,132.500,162.850
53920,2,5220.5,1230.0,132.775,162.850
54006,2,3417.0,1230.5,42.600,162.825
54026,2,3687.0,1230.5,56.100,162.825
54164,2,5395.0,1230.5,141.500,162.825
54361,2,3917.0,1232.5,67.600,162.725
54364,2,3937.0,1232.5,68.600,162.725
54587,2,5125.0,1232.5,128.000,162.725
54771,2,3597.0,1234.5,51.600,162.625
54790,2,3767.0,1234.5,60.100,162.625
54832,2,4017.0,1234.5,72.600,162.625
55201,2,3527.0,1236.5,48.100,162.525
55212,2,3647.0,1236.5,54.100,162.525
55628,2,3127.5,1240.0,28.125,162.350
55630,2,3167.0,1239.5,30.100,162.375
55636,2,3367.0,1239.5,40.100,162.375
55637,2,3376.5,1240.0,40.575,162.350
55639,2,3387.5,1240.0,41.125,162.350
55641,2,3406.5,1240.0,42.075,162.350
55642,2,3440.5,1240.0,43.775,162.350
55645,2,3450.5,1240.0,44.275,162.350
55651,2,3560.5,1240.0,49.775,162.350
55654,3,3597.0,1240.0,51.600,162.350
55655,2,3604.5,1240.0,51.975,162.350
55658,2,3654.5,1240.0,54.475,162.350
55662,2,3750.5,1240.0,59.275,162.350
55665,2,3772.5,1240.0,60.375,162.350
55666,2,3784.5,1240.0,60.975,162.350
55671,2,3812.5,1240.0,62.375,162.350
55672,2,3814.5,1240.0,62.475,162.350
55677,2,3852.5,1240.0,64.375,162.350
55680,2,3867.5,1240.0,65.125,162.350
55682,2,3877.0,1240.0,65.600,162.350
55686,2,3900.5,1240.0,66.775,162.350
55687,2,3904.5,1240.0,66.975,162.350
55688,2,3914.5,1240.0,67.475,162.350
55690,2,3927.5,1240.0,68.125,162.350
55694,2,3947.0,1240.0,69.100,162.350
55696,3,3967.0,1240.0,70.100,162.350
55697,3,3977.0,1240.0,70.600,162.350
55699,2,3987.5,1240.0,71.125,162.350
55702,2,4000.5,1240.0,71.775,162.350
55703,2,4002.5,1240.0,71.875,162.350
55705,2,4037.0,1239.5,73.600,162.375
55706,2,4052.5,1240.0,74.375,162.350
55707,3,4057.0,1240.0,74.600,162.350
55710,2,4064.5,1240.0,74.975,162.350
55713,2,4087.5,1240.0,76.125,162.350
55718,2,4130.5,1240.0,78.275,162.350
55721,2,4160.5,1240.0,79.775,162.350
55723,2,4164.5,1240.0,79.975,162.350
55726,2,4178.5,1240.0,80.675,162.350
55730,2,4192.5,1240.0,81.375,162.350
55732,2,4202.5,1240.0,81.875,162.350
55734,2,4206.5,1240.0,82.075,162.350
55735,2,4214.5,1240.0,82.475,162.350
55740,2,4234.5,1240.0,83.475,162.350
55743,2,4250.5,1240.0,84.275,162.350
55746,2,4278.5,1240.0,85.675,162.350
55748,2,4288.5,1240.0,86.175,162.350
55752,2,4316.5,1240.0,87.575,162.350
55754,2,4340.5,1240.0,88.775,162.350
55755,2,4342.5,1240.0,88.875,162.350
55756,2,4346.5,1240.0,89.075,162.350
55758,2,4360.5,1240.0,89.775,162.350
55759,2,4372.5,1240.0,90.375,162.350
55760,2,4376.5,1240.0,90.575,162.350
55761,2,4378.5,1240.0,90.675,162.350
55762,2,4380.5,1240.0,90.775,162.350
55763,2,4390.5,1240.0,91.275,162.350
55764,2,4392.5,1240.0,91.375,162.350
55765,2,4394.5,1240.0,91.475,162.350
55768,2,4400.5,1240.0,91.775,162.350
55770,2,4404.5,1240.0,91.975,162.350
55771,2,4406.5,1240.0,92.075,162.350
55773,2,4410.5,1240.0,92.275,162.350
55774,2,4414.5,1240.0,92.475,162.350
55776,2,4418.5,1240.0,92.675,162.350
55778,2,4422.5,1240.0,92.875,162.350
55780,2,4430.5,1240.0,93.275,162.350
55782,2,4436.5,1240.0,93.575,162.350
55784,2,4444.5,1240.0,93.975,162.350
55785,2,4446.5,1240.0,94.075,162.350
55787,2,4456.5,1240.0,94.575,162.350
55788,2,4468.5,1240.0,95.175,162.350
55789,2,4470.5,1240.0,95.275,162.350
55791,2,4476.5,1240.0,95.575,162.350
55797,2,4510.5,1240.0,97.275,162.350
55798,2,4518.5,1240.0,97.675,162.350
55799,2,4520.5,1240.0,97.775,162.350
55800,2,4522.5,1240.0,97.875,162.350
55805,2,4544.5,1240.0,98.975,162.350
55807,2,4556.5,1240.0,99.575,162.350
55808,2,4558.5,1240.0,99.675,162.350
55809,2,4568.5,1240.0,100.175,162.350
55815,2,4590.5,1240.0,101.275,162.350
55816,2,4594.5,1240.0,101.475,162.350
55817,2,4596.5,1240.0,101.575,162.350
55818,2,4600.5,1240.0,101.775,162.350
55819,2,4602.5,1240.0,101.875,162.350
55826,2,4640.5,1240.0,103.775,162.350
55827,2,4644.5,1240.0,103.975,162.350
55828,2,4648.5,1240.0,104.175,162.350
55831,2,4662.5,1240.0,104.875,162.350
55832,2,4666.5,1240.0,105.075,162.350
55833,2,4670.5,1240.0,105.275,162.350
55835,2,4680.5,1240.0,105.775,162.350
55838,2,4692.5,1240.0,106.375,162.350
55839,2,4694.5,1240.0,106.475,162.350
55840,2,4696.5,1240.0,106.575,162.350
55846,2,4732.5,1240.0,108.375,162.350
55847,2,4738.5,1240.0,108.675,162.350
55849,2,4746.5,1240.0,109.075,162.350
55850,2,4748.5,1240.0,109.175,162.350
55851,2,4750.5,1240.0,109.275,162.350
55853,2,4756.5,1240.0,109.575,162.350
55854,2,4760.5,1240.0,109.775,162.350
55857,2,4792.5,1240.0,111.375,162.350
55860,2,4800.5,1240.0,111.775,162.350
55864,2,4824.5,1240.0,112.975,162.350
55867,2,4844.5,1240.0,113.975,162.350
55872,2,4876.5,1240.0,115.575,162.350
55873,2,4878.5,1240.0,115.675,162.350
55874,2,4880.5,1240.0,115.775,162.350
55875,2,4888.5,1240.0,116.175,162.350
55876,2,4898.5,1240.0,116.675,162.350
55877,2,4902.5,1240.0,116.875,162.350
55878,2,4912.5,1240.0,117.375,162.350
55879,2,4914.5,1240.0,117.475,162.350
55882,2,4934.5,1240.0,118.475,162.350
55883,2,4936.5,1240.0,118.575,162.350
55884,2,4942.5,1240.0,118.875,162.350
55885,2,4944.5,1240.0,118.975,162.350
55891,2,4982.5,1240.0,120.875,162.350
55897,2,5030.5,1240.0,123.275,162.350
55900,2,5046.5,1240.0,124.075,162.350
55901,2,5048.5,1240.0,124.175,162.350
55903,2,5054.5,1240.0,124.475,162.350
55925,2,5440.5,1240.0,143.775,162.350
56028,2,3457.0,1240.5,44.600,162.325
56050,2,3817.0,1240.5,62.600,162.325
56423,2,3687.0,1242.5,56.100,162.225
56451,2,3987.0,1242.5,71.100,162.225
56459,2,4037.0,1242.5,73.600,162.225
56986,2,3817.0,1244.5,62.600,162.125
57008,2,3947.0,1244.5,69.100,162.125
57278,2,5335.0,1244.5,138.500,162.125
57574,2,3637.0,1246.5,53.600,162.025
57610,2,3917.0,1246.5,67.600,162.025
57614,2,3947.0,1246.5,69.100,162.025
57617,2,3957.0,1246.5,69.600,162.025
57625,2,3997.0,1246.5,71.600,162.025
57629,2,4037.0,1246.5,73.600,162.025
58170,2,2834.5,1250.0,13.475,161.850
58172,2,2877.0,1250.0,15.600,161.850
58174,2,2922.5,1250.0,17.875,161.850
58176,2,2970.5,1250.0,20.275,161.850
58181,2,3097.5,1250.0,26.625,161.850
58182,2,3102.5,1250.0,26.875,161.850
58187,2,3140.5,1250.0,28.775,161.850
58197,2,3272.5,1250.0,35.375,161.850
58203,2,3430.5,1250.0,43.275,161.850
58204,2,3447.0,1250.0,44.100,161.850
58212,2,3517.5,1250.0,47.625,161.850
58213,2,3522.5,1250.0,47.875,161.850
58215,2,3540.5,1250.0,48.775,161.850
58217,2,3546.5,1250.0,49.075,161.850
58218,2,3560.5,1250.0,49.775,161.850
58219,2,3577.5,1250.0,50.625,161.850
58220,2,3587.0,1250.0,51.100,161.850
58223,2,3607.0,1250.0,52.100,161.850
58224,2,3610.5,1250.0,52.275,161.850
58237,2,3820.5,1250.0,62.775,161.850
58244,2,3852.5,1250.0,64.375,161.850
58245,3,3857.0,1250.0,64.600,161.850
58252,3,3897.0,1250.0,66.600,161.850
58254,3,3917.0,1250.0,67.600,161.850
58255,2,3932.5,1250.0,68.375,161.850
58256,3,3937.0,1250.0,68.600,161.850
58257,2,3950.5,1250.0,69.275,161.850
58258,2,3952.5,1250.0,69.375,161.850
58260,3,3957.0,1250.0,69.600,161.850
58261,2,3964.5,1250.0,69.975,161.850
58265,2,3977.5,1250.0,70.625,161.850
58267,2,3994.5,1250.0,71.475,161.850
58271,2,4022.5,1250.0,72.875,161.850
58272,2,4024.5,1250.0,72.975,161.850
58277,2,4060.5,1250.0,74.775,161.850
58282,2,4086.5,1250.0,76.075,161.850
58283,2,4110.5,1250.0,77.275,161.850
58290,2,4190.5,1250.0,81.275,161.850
58292,2,4200.5,1250.0,81.775,161.850
58293,2,4202.5,1250.0,81.875,161.850
58294,2,4206.5,1250.0,82.075,161.850
58297,2,4214.5,1250.0,82.475,161.850
58300,2,4230.5,1250.0,83.275,161.850
58302,2,4238.5,1250.0,83.675,161.850
58303,2,4240.5,1250.0,83.775,161.850
58304,2,4250.5,1250.0,84.275,161.850
58305,2,4264.5,1250.0,84.975,161.850
58306,2,4278.5,1250.0,85.675,161.850
58308,2,4282.5,1250.0,85.875,161.850
58309,2,4294.5,1250.0,86.475,161.850
58312,2,4306.5,1250.0,87.075,161.850
58314,2,4310.5,1250.0,87.275,161.850
58317,2,4324.5,1250.0,87.975,161.850
58318,2,4328.5,1250.0,88.175,161.850
58320,2,4336.5,1250.0,88.575,161.850
58322,2,4342.5,1250.0,88.875,161.850
58323,2,4346.5,1250.0,89.075,161.850
58327,2,4374.5,1250.0,90.475,161.850
58328,2,4376.5,1250.0,90.575,161.850
58330,2,4382.5,1250.0,90.875,161.850
58333,2,4392.5,1250.0,91.375,161.850
58335,2,4398.5,1250.0,91.675,161.850
58338,2,4406.5,1250.0,92.075,161.850
58339,2,4408.5,1250.0,92.175,161.850
58340,2,4412.5,1250.0,92.375,161.850
58342,2,4416.5,1250.0,92.575,161.850
58343,2,4418.5,1250.0,92.675,161.850
58345,2,4422.5,1250.0,92.875,161.850
58347,2,4430.5,1250.0,93.275,161.850
58352,2,4446.5,1250.0,94.075,161.850
58354,2,4452.5,1250.0,94.375,161.850
58355,2,4454.5,1250.0,94.475,161.850
58356,2,4456.5,1250.0,94.575,161.850
58357,2,4460.5,1250.0,94.775,161.850
58359,2,4466.5,1250.0,95.075,161.850
58361,2,4482.5,1250.0,95.875,161.850
58362,2,4486.5,1250.0,96.075,161.850
58363,2,4488.5,1250.0,96.175,161.850
58364,2,4506.5,1250.0,97.075,161.850
58367,2,4528.5,1250.0,98.175,161.850
58369,2,4536.5,1250.0,98.575,161.850
58371,2,4544.5,1250.0,98.975,161.850
58373,2,4550.5,1250.0,99.275,161.850
58374,2,4558.5,1250.0,99.675,161.850
58375,2,4564.5,1250.0,99.975,161.850
58376,2,4566.5,1250.0,100.075,161.850
58377,2,4568.5,1250.0,100.175,161.850
58378,2,4570.5,1250.0,100.275,161.850
58379,2,4574.5,1250.0,100.475,161.850
58380,2,4576.5,1250.0,100.575,161.850
58381,2,4578.5,1250.0,100.675,161.850
58382,2,4582.5,1250.0,100.875,161.850
58384,2,4590.5,1250.0,101.275,161.850
58386,2,4594.5,1250.0,101.475,161.850
58387,2,4596.5,1250.0,101.575,161.850
58388,2,4598.5,1250.0,101.675,161.850
58389,2,4604.5,1250.0,101.975,161.850
58390,2,4606.5,1250.0,102.075,161.850
58391,2,4608.5,1250.0,102.175,161.850
58392,2,4612.5,1250.0,102.375,161.850
58394,2,4620.5,1250.0,102.775,161.850
58395,2,4624.5,1250.0,102.975,161.850
58422,2,4754.5,1250.0,109.475,161.850
58423,2,4756.5,1250.0,109.575,161.850
58427,2,4780.5,1250.0,110.775,161.850
58434,2,4852.5,1250.0,114.375,161.850
58435,2,4882.5,1250.0,115.875,161.850
58436,2,4884.5,1250.0,115.975,161.850
58437,2,4886.5,1250.0,116.075,161.850
58438,2,4894.5,1250.0,116.475,161.850
58439,2,4896.5,1250.0,116.575,161.850
58440,2,4900.5,1250.0,116.775,161.850
58441,2,4902.5,1250.0,116.875,161.850
58442,2,4904.5,1250.0,116.975,161.850
58443,2,4906.5,1250.0,117.075,161.850
58444,2,4912.5,1250.0,117.375,161.850
58445,2,4914.5,1250.0,117.475,161.850
58446,2,4916.5,1250.0,117.575,161.850
58447,2,4918.5,1250.0,117.675,161.850
58448,2,4920.5,1250.0,117.775,161.850
58449,2,4922.5,1250.0,117.875,161.850
58450,2,4924.5,1250.0,117.975,161.850
58451,2,4928.5,1250.0,118.175,161.850
58452,2,4930.5,1250.0,118.275,161.850
58453,2,4932.5,1250.0,118.375,161.850
58454,2,4934.5,1250.0,118.475,161.850
58455,2,4936.5,1250.0,118.575,161.850
58456,2,4938.5,1250.0,118.675,161.850
58457,2,4940.5,1250.0,118.775,161.850
58459,2,4946.5,1250.0,119.075,161.850
58460,2,4948.5,1250.0,119.175,161.850
58461,2,4950.5,1250.0,119.275,161.850
58462,2,4952.5,1250.0,119.375,161.850
58463,2,4954.5,1250.0,119.475,161.850
58464,2,4956.5,1250.0,119.575,161.850
58465,2,4958.5,1250.0,119.675,161.850
58551,2,5418.5,1250.0,142.675,161.850
59084,2,3707.0,1252.5,57.100,161.725
59103,2,3837.0,1252.5,63.600,161.725
59105,2,3847.0,1252.5,64.100,161.725
59111,2,3917.0,1252.5,67.600,161.725
59128,2,4007.0,1252.5,72.100,161.725
59138,2,4087.0,1252.5,76.100,161.725
59711,2,3637.0,1254.5,53.600,161.625
59712,2,3647.0,1254.5,54.100,161.625
59727,2,3817.0,1254.5,62.600,161.625
60345,2,3547.0,1256.5,49.100,161.525
60350,2,3617.0,1256.5,52.600,161.525
60893,2,2382.5,1260.0,-9.125,161.350
60904,2,2627.0,1260.0,3.100,161.350
60905,2,2636.5,1260.0,3.575,161.350
60911,2,2740.5,1260.0,8.775,161.350
60919,2,2864.5,1260.0,14.975,161.350
60923,2,3007.5,1260.0,22.125,161.350
60933,2,3182.5,1260.0,30.875,161.350
60952,2,3467.0,1260.0,45.100,161.350
60953,2,3492.5,1260.0,46.375,161.350
60954,3,3527.0,1260.0,48.100,161.350
60955,2,3530.5,1260.0,48.275,161.350
60956,2,3552.5,1260.0,49.375,161.350
60959,2,3607.0,1260.0,52.100,161.350
60962,2,3630.5,1260.0,53.275,161.350
60963,2,3632.5,1260.0,53.375,161.350
60966,2,3657.5,1260.0,54.625,161.350
60967,2,3660.5,1260.0,54.775,161.350
60968,2,3667.5,1260.0,55.125,161.350
60969,2,3677.0,1259.5,55.600,161.375
60976,2,3807.0,1260.0,62.100,161.350
60978,2,3817.0,1260.0,62.600,161.350
60979,2,3822.5,1260.0,62.875,161.350
60980,2,3826.5,1260.0,63.075,161.350
60984,2,3846.5,1260.0,64.075,161.350
60986,2,3852.5,1260.0,64.375,161.350
60987,2,3854.5,1260.0,64.475,161.350
60991,2,3882.5,1260.0,65.875,161.350
60993,2,3894.5,1260.0,66.475,161.350
61003,3,3957.0,1260.0,69.600,161.350
61006,2,3992.5,1260.0,71.375,161.350
61009,2,4040.5,1260.0,73.775,161.350
61010,2,4042.5,1260.0,73.875,161.350
61011,2,4050.5,1260.0,74.275,161.350
61012,2,4057.5,1260.0,74.625,161.350
61015,2,4094.5,1260.0,76.475,161.350
61019,2,4134.5,1260.0,78.475,161.350
61021,2,4144.5,1260.0,78.975,161.350
61022,2,4148.5,1260.0,79.175,161.350
61025,2,4162.5,1260.0,79.875,161.350
61026,2,4170.5,1260.0,80.275,161.350
61027,2,4184.5,1260.0,80.975,161.350
61028,2,4186.5,1260.0,81.075,161.350
61029,2,4188.5,1260.0,81.175,161.350
61031,2,4200.5,1260.0,81.775,161.350
61032,2,4202.5,1260.0,81.875,161.350
61037,2,4224.5,1260.0,82.975,161.350
61056,2,4302.5,1260.0,86.875,161.350
61060,2,4318.5,1260.0,87.675,161.350
61062,2,4324.5,1260.0,87.975,161.350
61063,2,4328.5,1260.0,88.175,161.350
61064,2,4330.5,1260.0,88.275,161.350
61065,2,4332.5,1260.0,88.375,161.350
61066,2,4334.5,1260.0,88.475,161.350
61067,2,4336.5,1260.0,88.575,161.350
61068,2,4340.5,1260.0,88.775,161.350
61069,2,4342.5,1260.0,88.875,161.350
61070,2,4344.5,1260.0,88.975,161.350
61074,2,4368.5,1260.0,90.175,161.350
61076,2,4378.5,1260.0,90.675,161.350
61077,2,4388.5,1260.0,91.175,161.350
61079,2,4392.5,1260.0,91.375,161.350
61080,2,4394.5,1260.0,91.475,161.350
61081,2,4400.5,1260.0,91.775,161.350
61082,2,4402.5,1260.0,91.875,161.350
61083,2,4404.5,1260.0,91.975,161.350
61084,2,4406.5,1260.0,92.075,161.350
61086,2,4414.5,1260.0,92.475,161.350
61087,2,4416.5,1260.0,92.575,161.350
61088,2,4420.5,1260.0,92.775,161.350
61089,2,4422.5,1260.0,92.875,161.350
61090,2,4424.5,1260.0,92.975,161.350
61094,2,4444.5,1260.0,93.975,161.350
61096,2,4452.5,1260.0,94.375,161.350
61098,2,4460.5,1260.0,94.775,161.350
61100,2,4470.5,1260.0,95.275,161.350
61102,2,4480.5,1260.0,95.775,161.350
61105,2,4502.5,1260.0,96.875,161.350
61107,2,4512.5,1260.0,97.375,161.350
61108,2,4514.5,1260.0,97.475,161.350
61429,2,2587.0,1260.5,1.100,161.325
61447,2,3147.0,1260.5,29.100,161.325
61454,2,3367.0,1260.5,40.100,161.325
61466,2,3547.0,1260.5,49.100,161.325
61766,2,2757.0,1262.5,9.600,161.225
61830,2,3807.0,1262.5,62.100,161.225
61845,2,3937.0,1262.5,68.600,161.225
62339,2,2717.0,1264.5,7.600,161.125
62358,2,3017.0,1264.5,22.600,161.125
62394,2,3447.0,1264.5,44.100,161.125
62427,2,3817.0,1264.5,62.600,161.125
62436,2,3917.0,1264.5,67.600,161.125
62915,2,2597.0,1266.5,1.600,161.025
62947,2,3167.0,1266.5,30.100,161.025
62968,2,3467.0,1266.5,45.100,161.025
62994,2,3717.0,1266.5,57.600,161.025
63026,2,4007.0,1266.5,72.100,161.025
63483,2,2076.5,1270.0,-24.425,160.850
63485,2,2190.5,1270.0,-18.725,160.850
63490,2,2234.5,1270.0,-16.525,160.850
63497,2,2348.5,1270.0,-10.825,160.850
63503,2,2472.5,1270.0,-4.625,160.850
63508,2,2538.5,1270.0,-1.325,160.850
63509,2,2550.5,1270.0,-0.725,160.850
63512,2,2577.5,1270.0,0.625,160.850
63519,2,2677.5,1270.0,5.625,160.850
63521,2,2807.5,1270.0,12.125,160.850
63528,2,2892.5,1270.0,16.375,160.850
63531,2,3012.5,1270.0,22.375,160.850
63532,2,3024.5,1270.0,22.975,160.850
63533,2,3050.5,1270.0,24.275,160.850
63539,2,3117.0,1270.0,27.600,160.850
63540,2,3127.0,1270.0,28.100,160.850
63545,2,3167.0,1270.0,30.100,160.850
63547,2,3192.5,1270.0,31.375,160.850
63556,2,3384.5,1270.0,40.975,160.850
63559,2,3392.5,1270.0,41.375,160.850
63560,2,3397.5,1270.0,41.625,160.850
63563,3,3467.0,1270.0,45.100,160.850
63569,2,3550.5,1270.0,49.275,160.850
63570,3,3577.0,1270.0,50.600,160.850
63576,2,3620.5,1270.0,52.775,160.850
63578,2,3627.0,1270.0,53.100,160.850
63579,2,3630.5,1270.0,53.275,160.850
63587,2,3697.0,1270.0,56.600,160.850
63591,2,3734.5,1270.0,58.475,160.850
63594,2,3762.5,1270.0,59.875,160.850
63597,2,3787.0,1270.0,61.100,160.850
63601,2,3804.5,1270.0,61.975,160.850
63604,2,3827.0,1270.0,63.100,160.850
63606,3,3837.0,1270.0,63.600,160.850
63610,2,3852.5,1270.0,64.375,160.850
63618,2,3944.5,1270.0,68.975,160.850
63629,2,4004.5,1270.0,71.975,160.850
63638,2,4110.5,1270.0,77.275,160.850
63639,2,4116.5,1270.0,77.575,160.850
63752,2,4474.5,1270.0,95.475,160.850
63759,2,4514.5,1270.0,97.475,160.850
63763,2,4526.5,1270.0,98.075,160.850
63764,2,4528.5,1270.0,98.175,160.850
63766,2,4534.5,1270.0,98.475,160.850
63767,2,4536.5,1270.0,98.575,160.850
63768,2,4538.5,1270.0,98.675,160.850
63769,2,4542.5,1270.0,98.875,160.850
63952,2,5332.5,1270.0,138.375,160.850
64091,2,3457.0,1270.5,44.600,160.825
64979,2,2627.0,1274.5,3.100,160.625
65038,2,3467.0,1274.5,45.100,160.625
65651,2,3607.0,1276.5,52.100,160.525
66128,2,2106.5,1280.0,-22.925,160.350
66139,2,2230.5,1280.0,-16.725,160.350
66140,2,2254.5,1280.0,-15.525,160.350
66143,2,2340.5,1280.0,-11.225,160.350
66149,2,2406.5,1280.0,-7.925,160.350
66155,2,2466.5,1280.0,-4.925,160.350
66157,2,2482.5,1280.0,-4.125,160.350
66162,2,2538.5,1280.0,-1.325,160.350
66164,2,2552.5,1280.0,-0.625,160.350
66167,3,2607.0,1280.0,2.100,160.350
66168,2,2627.0,1280.0,3.100,160.350
66173,2,2767.0,1279.5,10.100,160.375
66184,2,2917.5,1280.0,17.625,160.350
66185,2,2956.5,1280.0,19.575,160.350
66189,2,3032.5,1280.0,23.375,160.350
66192,2,3072.5,1280.0,25.375,160.350
66193,2,3077.5,1280.0,25.625,160.350
66195,2,3094.5,1280.0,26.475,160.350
66199,2,3150.5,1280.0,29.275,160.350
66201,2,3162.5,1280.0,29.875,160.350
66202,2,3177.0,1279.5,30.600,160.375
66210,2,3324.5,1280.0,37.975,160.350
66213,2,3380.5,1280.0,40.775,160.350
66214,2,3387.0,1280.0,41.100,160.350
66215,2,3390.5,1280.0,41.275,160.350
66218,2,3424.5,1280.0,42.975,160.350
66225,2,3512.5,1280.0,47.375,160.350
66226,2,3514.5,1280.0,47.475,160.350
66229,2,3550.5,1280.0,49.275,160.350
66236,2,3597.0,1280.0,51.600,160.350
66238,3,3607.0,1280.0,52.100,160.350
66241,2,3622.5,1280.0,52.875,160.350
66245,2,3677.0,1279.5,55.600,160.375
66490,2,4506.5,1280.0,97.075,160.350
66493,2,4538.5,1280.0,98.675,160.350
66494,2,4542.5,1280.0,98.875,160.350
66750,2,2837.0,1280.5,13.600,160.325
66761,2,3027.0,1280.5,23.100,160.325
66766,2,3097.0,1280.5,26.600,160.325
66788,2,3507.0,1280.5,47.100,160.325
66789,2,3517.0,1280.5,47.600,160.325
67083,2,3067.0,1282.5,25.100,160.225
68295,2,3137.0,1286.5,28.600,160.025
68334,2,3577.0,1286.5,50.600,160.025
68872,2,1973.0,1290.0,-29.600,159.850
68891,2,2350.5,1290.0,-10.725,159.850
68908,2,2630.5,1290.0,3.275,159.850
68922,2,2927.5,1290.0,18.125,159.850
68923,2,2947.0,1289.5,19.100,159.875
68926,2,3057.5,1290.0,24.625,159.850
68930,2,3120.5,1290.0,27.775,159.850
68932,2,3147.5,1290.0,29.125,159.850
68934,2,3156.5,1290.0,29.575,159.850
68936,2,3177.0,1290.0,30.600,159.850
68938,3,3197.0,1290.0,31.600,159.850
68940,2,3226.5,1290.0,33.075,159.850
68944,2,3267.0,1290.0,35.100,159.850
69229,2,4486.5,1290.0,96.075,159.850
69233,2,4506.5,1290.0,97.075,159.850
69730,2,3087.0,1292.5,26.100,159.725
70240,2,2587.0,1294.5,1.100,159.625
71343,3,1353.0,1300.0,-60.600,159.350
71350,2,2174.5,1300.0,-19.525,159.350
71356,2,2254.5,1300.0,-15.525,159.350
71358,2,2306.5,1300.0,-12.925,159.350
71362,2,2342.5,1300.0,-11.125,159.350
71373,2,2548.5,1300.0,-0.825,159.350
71375,2,2564.5,1300.0,-0.025,159.350
71378,2,2590.5,1300.0,1.275,159.350
71381,2,2637.0,1300.0,3.600,159.350
71387,2,2797.0,1299.5,11.600,159.375
71389,2,2814.5,1300.0,12.475,159.350
71392,2,2882.5,1300.0,15.875,159.350
71394,2,2890.5,1300.0,16.275,159.350
71397,2,2927.0,1300.0,18.100,159.350
71398,2,2937.0,1299.5,18.600,159.375
71399,2,2962.5,1300.0,19.875,159.350
71400,2,2967.0,1300.0,20.100,159.350
71406,2,3024.5,1300.0,22.975,159.350
71410,2,3077.0,1300.0,25.600,159.350
71411,2,3082.5,1300.0,25.875,159.350
71413,3,3117.0,1300.0,27.600,159.350
71733,2,4494.5,1300.0,96.475,159.350
71734,2,4502.5,1300.0,96.875,159.350
71736,2,4506.5,1300.0,97.075,159.350
71737,2,4510.5,1300.0,97.275,159.350
71742,2,4540.5,1300.0,98.775,159.350
71841,2,5345.0,1300.0,139.000,159.350
72231,2,2577.0,1302.5,0.600,159.225
72268,2,3097.0,1302.5,26.600,159.225
72795,2,2807.0,1304.5,12.100,159.125
73339,2,2807.0,1306.5,12.100,159.025
73871,2,1453.0,1309.5,-55.600,158.875
73909,2,2470.5,1310.0,-4.725,158.850
73911,2,2482.5,1310.0,-4.125,158.850
73916,2,2560.5,1310.0,-0.225,158.850
73917,2,2594.5,1310.0,1.475,158.850
73919,2,2606.5,1310.0,2.075,158.850
73920,2,2616.5,1310.0,2.575,158.850
73922,2,2637.0,1309.5,3.600,158.875
73925,2,2677.0,1309.5,5.600,158.875
73932,3,2797.0,1310.0,11.600,158.850
73943,2,2896.5,1310.0,16.575,158.850
74275,2,4494.5,1310.0,96.475,158.850
74276,2,4500.5,1310.0,96.775,158.850
74277,2,4502.5,1310.0,96.875,158.850
74279,2,4510.5,1310.0,97.275,158.850
74280,2,4512.5,1310.0,97.375,158.850
74283,2,4528.5,1310.0,98.175,158.850
74284,2,4530.5,1310.0,98.275,158.850
74285,2,4532.5,1310.0,98.375,158.850
74286,2,4538.5,1310.0,98.675,158.850
74287,2,4540.5,1310.0,98.775,158.850
74795,2,2607.0,1312.5,2.100,158.725
74796,2,2617.0,1312.5,2.600,158.725
74808,2,2837.0,1312.5,13.600,158.725
75881,2,1733.0,1316.5,-41.600,158.525
75922,2,2657.0,1316.5,4.600,158.525
75923,2,2677.0,1316.5,5.600,158.525
75939,2,2887.0,1316.5,16.100,158.525
75947,2,2957.0,1316.5,19.600,158.525
76378,2,1028.5,1320.0,-76.825,158.350
76380,2,1042.5,1320.0,-76.125,158.350
76394,2,2026.5,1320.0,-26.925,158.350
76402,2,2138.5,1320.0,-21.325,158.350
76407,2,2254.5,1320.0,-15.525,158.350
76418,2,2380.5,1320.0,-9.225,158.350
76424,2,2458.5,1320.0,-5.325,158.350
76456,2,2914.5,1320.0,17.475,158.350
76457,2,2922.5,1320.0,17.875,158.350
76704,2,4490.5,1320.0,96.275,158.350
76707,2,4496.5,1320.0,96.575,158.350
76708,2,4500.5,1320.0,96.775,158.350
76709,2,4510.5,1320.0,97.275,158.350
76710,2,4512.5,1320.0,97.375,158.350
76713,2,4524.5,1320.0,97.975,158.350
76717,2,4536.5,1320.0,98.575,158.350
76911,2,2907.0,1320.5,17.100,158.325
77977,2,951.0,1326.5,-80.700,158.025
78410,2,1682.5,1330.0,-44.125,157.850
78415,2,1970.5,1330.0,-29.725,157.850
78420,2,2056.5,1330.0,-25.425,157.850
78422,2,2110.5,1330.0,-22.725,157.850
78428,2,2276.5,1330.0,-14.425,157.850
78432,2,2302.5,1330.0,-13.125,157.850
78435,2,2338.5,1330.0,-11.325,157.850
78521,2,2886.5,1330.0,16.075,157.850
78524,2,2912.5,1330.0,17.375,157.850
78525,2,2914.5,1330.0,17.475,157.850
78864,2,1943.0,1330.5,-31.100,157.825
79246,2,2887.0,1332.5,16.100,157.725
79618,2,1021.0,1334.5,-77.200,157.625
80572,2,1023.5,1340.0,-77.075,157.350
80589,2,2154.5,1340.0,-20.525,157.350
80592,2,2264.5,1340.0,-15.025,157.350
80685,3,2887.0,1340.0,16.100,157.350
80689,2,2940.5,1340.0,18.775,157.350
80871,2,4506.5,1340.0,97.075,157.350
80872,2,4520.5,1340.0,97.775,157.350
80874,2,4524.5,1340.0,97.975,157.350
80875,2,4528.5,1340.0,98.175,157.350
81064,2,2907.0,1340.5,17.100,157.325
82425,2,2192.5,1350.0,-18.625,156.850
82426,2,2196.5,1350.0,-18.425,156.850
82431,2,2268.5,1350.0,-14.825,156.850
82545,2,2897.5,1350.0,16.625,156.850
82549,2,2927.0,1349.5,18.100,156.875
82551,2,2937.0,1350.0,18.600,156.850
82724,2,4494.5,1350.0,96.475,156.850
82728,2,4524.5,1350.0,97.975,156.850
82730,2,4534.5,1350.0,98.475,156.850
84739,2,1647.0,1360.0,-45.900,156.350
84761,2,2244.5,1360.0,-16.025,156.350
84852,2,2907.5,1360.0,17.125,156.350
84854,2,2917.0,1360.0,17.600,156.350
84857,2,2934.5,1360.0,18.475,156.350
85058,2,4496.5,1360.0,96.575,156.350
85061,2,4512.5,1360.0,97.375,156.350
85490,2,1627.0,1362.5,-46.900,156.225
85491,2,1647.0,1362.5,-45.900,156.225
86985,2,2134.5,1370.0,-21.525,155.850
86986,2,2158.5,1370.0,-20.325,155.850
86993,2,2250.5,1370.0,-15.725,155.850
86994,2,2254.5,1370.0,-15.525,155.850
86995,2,2258.5,1370.0,-15.325,155.850
87303,2,4492.5,1370.0,96.375,155.850
87305,2,4498.5,1370.0,96.675,155.850
87306,2,4502.5,1370.0,96.875,155.850
87312,2,4534.5,1370.0,98.475,155.850
87313,2,4536.5,1370.0,98.575,155.850
89178,2,1228.5,1380.0,-66.825,155.350
89251,2,2182.5,1380.0,-19.125,155.350
89256,2,2254.5,1380.0,-15.525,155.350
89257,2,2256.5,1380.0,-15.425,155.350
89259,2,2264.5,1380.0,-15.025,155.350
89534,2,4492.5,1380.0,96.375,155.350
89535,2,4494.5,1380.0,96.475,155.350
89536,2,4500.5,1380.0,96.775,155.350
89538,2,4510.5,1380.0,97.275,155.350
89540,2,4524.5,1380.0,97.975,155.350
91176,2,815.5,1390.0,-87.475,154.850
91263,2,2242.5,1390.0,-16.125,154.850
91347,2,2934.5,1390.0,18.475,154.850
91348,2,2936.5,1390.0,18.575,154.850
91505,2,4526.5,1390.0,98.075,154.850
92968,2,853.5,1400.0,-85.575,154.350
93052,2,2200.5,1400.0,-18.225,154.350
93056,2,2258.5,1400.0,-15.325,154.350
93241,2,4492.5,1400.0,96.375,154.350
93245,2,4522.5,1400.0,97.875,154.350
93325,2,671.0,1400.5,-94.700,154.325
93667,2,2927.0,1402.5,18.100,154.225
94643,2,781.5,1410.0,-89.175,153.850
94712,2,2134.5,1410.0,-21.525,153.850
94717,2,2236.5,1410.0,-16.425,153.850
96530,2,2210.5,1420.0,-17.725,153.350
96533,2,2234.5,1420.0,-16.525,153.350
96535,2,2248.5,1420.0,-15.825,153.350
98576,2,4504.5,1430.0,96.975,152.850
100535,2,5408.5,1440.0,142.175,152.350
102415,2,4498.5,1450.0,96.675,151.850
103234,2,2947.0,1454.5,19.100,151.625
105624,2,4510.5,1470.0,97.275,150.850
106996,2,2202.5,1480.0,-18.125,150.350
108467,2,2206.5,1490.0,-17.925,149.850
108696,2,4496.5,1490.0,96.575,149.850
108698,2,4508.5,1490.0,97.175,149.850
108756,2,681.0,1490.5,-94.200,149.825
109743,2,630.5,1500.0,-96.725,149.350
113418,2,5365.0,1530.0,140.000,147.850
114314,2,2176.5,1540.0,-19.425,147.350
114441,2,4516.5,1540.0,97.575,147.350
115593,2,661.0,1550.0,-95.200,146.850
117017,2,4498.5,1560.0,96.675,146.350
117018,2,4500.5,1560.0,96.775,146.350
117019,2,4532.5,1560.0,98.375,146.350
121612,2,4526.5,1610.0,98.075,143.850
121650,2,5365.0,1609.5,140.000,143.875
123472,2,2238.5,1630.0,-16.325,142.850
123568,2,4538.5,1630.0,98.675,142.850
125421,2,631.0,1650.5,-96.700,141.825
126089,2,4548.5,1660.0,99.175,141.350
126090,2,4550.5,1660.0,99.275,141.350
127549,2,4542.5,1680.0,98.875,140.350
138412,2,4546.5,1830.0,99.075,132.850
138414,2,4562.5,1830.0,99.875,132.850
138415,2,4564.5,1830.0,99.975,132.850
139486,2,4520.5,1850.0,97.775,131.850
139488,2,4524.5,1850.0,97.975,131.850
144570,2,4578.5,1920.0,100.675,128.350
155518,2,2987.0,2068.5,21.100,120.925
157036,2,2977.0,2086.5,20.600,120.025
157214,2,2977.0,2088.5,20.600,119.925
157215,2,2987.0,2088.5,21.100,119.925
157398,2,2957.0,2090.5,19.600,119.825
157401,2,2967.0,2090.5,20.100,119.825
157406,2,2987.0,2090.5,21.100,119.825
157600,2,2957.0,2092.5,19.600,119.725
157608,2,2987.0,2092.5,21.100,119.725
157840,2,2957.0,2094.5,19.600,119.625
157848,2,2987.0,2094.5,21.100,119.625
158105,2,2967.0,2096.5,20.100,119.525
158109,2,2987.0,2096.5,21.100,119.525
158315,2,2957.0,2098.5,19.600,119.425
158318,2,2967.0,2098.5,20.100,119.425
158517,2,2957.0,2100.5,19.600,119.325
158815,2,2957.0,2104.5,19.600,119.125
160271,2,2977.0,2128.5,20.600,117.925
160851,2,2957.0,2138.5,19.600,117.425
160981,2,2987.0,2140.5,21.100,117.325
165806,2,4578.5,2238.0,100.675,112.450
166238,2,4586.5,2248.0,101.075,111.950
167922,2,4592.5,2298.0,101.375,109.450
168622,2,4588.5,2318.0,101.175,108.450
168706,2,2957.0,2320.5,19.600,108.325
169151,2,2957.0,2337.5,19.600,107.475
169171,2,4588.5,2338.0,101.175,107.450
169172,2,4596.5,2338.0,101.575,107.450
169259,2,2977.0,2340.5,20.600,107.325
169478,2,2232.5,2348.0,-16.625,106.950
171196,2,2192.5,2388.0,-18.625,104.950
171197,2,2194.5,2388.0,-18.525,104.950
172542,2,4562.5,2418.0,99.875,103.450
172544,2,4570.5,2418.0,100.275,103.450
172967,2,4590.5,2428.0,101.275,102.950
173499,2,4534.5,2438.0,98.475,102.450
173500,2,4536.5,2438.0,98.575,102.450
174785,2,4590.5,2458.0,101.275,101.450
175844,2,4562.5,2478.0,99.875,100.450
177159,2,4584.5,2508.0,100.975,98.950
178039,2,4552.5,2528.0,99.375,97.950
178832,2,4588.5,2548.0,101.175,96.950
182107,2,2964.5,2618.0,19.975,93.450
182108,3,2967.0,2618.0,20.100,93.450
182133,2,4562.5,2618.0,99.875,93.450
182715,2,4540.5,2628.0,98.775,92.950
183210,2,2997.5,2638.0,21.625,92.450
187591,2,731.0,2734.5,-91.700,87.625
189378,2,4602.5,2778.0,101.875,85.450
189412,2,731.0,2778.5,-91.700,85.425
189580,2,731.0,2782.5,-91.700,85.225
190285,2,4550.5,2798.0,99.275,84.450
196096,2,4566.5,2928.0,100.075,77.950
196097,2,4568.5,2928.0,100.175,77.950
196098,2,4576.5,2928.0,100.575,77.950
196099,2,4578.5,2928.0,100.675,77.950
196102,2,4598.5,2928.0,101.675,77.950
196103,2,4602.5,2928.0,101.875,77.950
196104,2,4604.5,2928.0,101.975,77.950
199282,2,741.0,2997.5,-91.200,74.475
202206,2,741.0,3078.0,-91.200,70.450
209302,2,4562.5,3248.0,99.875,61.950
209306,2,4606.5,3248.0,102.075,61.950
209855,2,4558.5,3258.0,99.675,61.450
209856,2,4600.5,3258.0,101.775,61.450
209857,2,4602.5,3258.0,101.875,61.450
209858,2,4604.5,3258.0,101.975,61.450
209859,2,4606.5,3258.0,102.075,61.450
210494,2,4560.5,3268.0,99.775,60.950
210495,2,4562.5,3268.0,99.875,60.950
210496,2,4564.5,3268.0,99.975,60.950
210497,2,4566.5,3268.0,100.075,60.950
210849,2,4566.5,3278.0,100.075,60.450
210852,2,4604.5,3278.0,101.975,60.450
211343,2,4604.5,3288.0,101.975,59.950
212852,2,4556.5,3318.0,99.575,58.450
216012,2,5465.0,3378.5,145.000,55.425
225999,2,4636.5,3598.0,103.575,44.450
228627,2,5455.0,3644.5,144.500,42.125
228722,2,5452.5,3648.0,144.375,41.950
230517,2,4648.5,3688.0,104.175,39.950
234814,2,5275.0,3748.0,135.500,36.950
237139,2,5052.5,3788.0,124.375,34.950
237747,2,4598.5,3798.0,101.675,34.450
238991,2,4966.5,3818.0,120.075,33.450
238993,2,5132.5,3818.0,128.375,33.450
238995,2,5222.5,3818.0,132.875,33.450
267492,2,4632.5,4170.0,103.375,15.850
268324,2,2276.5,4180.0,-14.425,15.350
268446,2,4602.5,4180.0,101.875,15.350
268449,2,4712.5,4180.0,107.375,15.350
268450,2,4714.5,4180.0,107.475,15.350
268457,2,4806.5,4180.0,112.075,15.350
268459,2,4830.5,4180.0,113.275,15.350
268460,2,4834.5,4180.0,113.475,15.350
269496,2,4578.5,4190.0,100.675,14.850
269509,2,4770.5,4190.0,110.275,14.850
270427,2,4636.5,4200.0,103.575,14.350
270434,2,4788.5,4200.0,111.175,14.350
270435,2,4790.5,4200.0,111.275,14.350
271260,2,4588.5,4210.0,101.175,13.850
271261,2,4596.5,4210.0,101.575,13.850
271262,2,4600.5,4210.0,101.775,13.850
272079,2,4636.5,4220.0,103.575,13.350
272082,2,4666.5,4220.0,105.075,13.350
272088,2,4782.5,4220.0,110.875,13.350
273250,2,4668.5,4230.0,105.175,12.850
273251,2,4688.5,4230.0,106.175,12.850
273255,2,4746.5,4230.0,109.075,12.850
273257,2,4782.5,4230.0,110.875,12.850
274766,2,4606.5,4240.0,102.075,12.350
274771,2,4648.5,4240.0,104.175,12.350
274772,2,4650.5,4240.0,104.275,12.350
274776,2,4772.5,4240.0,110.375,12.350
276751,2,2274.5,4252.0,-14.525,11.750
277073,2,4628.5,4252.0,103.175,11.750
277076,2,4726.5,4252.0,108.075,11.750
277077,2,4740.5,4252.0,108.775,11.750
278613,2,2258.5,4262.0,-15.325,11.250
278650,2,3057.0,4262.0,24.600,11.250
278891,2,4616.5,4262.0,102.575,11.250
278897,2,4824.5,4262.0,112.975,11.250
280495,2,3046.5,4272.0,24.075,10.750
280777,2,4726.5,4272.0,108.075,10.750
280781,2,4824.5,4272.0,112.975,10.750
282606,2,3062.5,4282.0,24.875,10.250
282873,2,4668.5,4282.0,105.175,10.250
282876,2,4704.5,4282.0,106.975,10.250
284890,2,4826.5,4292.0,113.075,9.750
286223,2,3047.0,4299.5,24.100,9.375
286673,2,2272.5,4302.0,-14.625,9.250
287093,2,4626.5,4302.0,103.075,9.250
288994,2,3057.0,4312.0,24.600,8.750
289253,2,4614.5,4312.0,102.475,8.750
289255,2,4636.5,4312.0,103.575,8.750
290235,2,3057.0,4316.5,24.600,8.525
291765,2,4596.5,4322.0,101.575,8.250
291767,2,4602.5,4322.0,101.875,8.250
291768,2,4604.5,4322.0,101.975,8.250
291770,2,4620.5,4322.0,102.775,8.250
291771,2,4628.5,4322.0,103.175,8.250
291773,2,4674.5,4322.0,105.475,8.250
291774,2,4676.5,4322.0,105.575,8.250
292736,2,3027.0,4326.5,23.100,8.025
294075,2,4596.5,4332.0,101.575,7.750
294076,2,4604.5,4332.0,101.975,7.750
294080,2,4652.5,4332.0,104.375,7.750
294081,2,4662.5,4332.0,104.875,7.750
294082,2,4664.5,4332.0,104.975,7.750
296239,2,2270.5,4342.0,-14.725,7.250
296331,2,3032.5,4342.0,23.375,7.250
296333,2,3060.5,4342.0,24.775,7.250
296334,2,3064.5,4342.0,24.975,7.250
296611,2,4602.5,4342.0,101.875,7.250
296613,2,4610.5,4342.0,102.275,7.250
296614,2,4612.5,4342.0,102.375,7.250
296617,2,4634.5,4342.0,103.475,7.250
296619,2,4652.5,4342.0,104.375,7.250
296622,2,4682.5,4342.0,105.875,7.250
296623,2,4692.5,4342.0,106.375,7.250
296627,2,4756.5,4342.0,109.575,7.250
296630,2,4768.5,4342.0,110.175,7.250
296632,2,4790.5,4342.0,111.275,7.250
297150,2,3057.0,4344.5,24.600,7.125
299020,2,3047.5,4352.0,24.125,6.750
299021,2,3077.0,4352.0,25.600,6.750
299323,2,4600.5,4352.0,101.775,6.750
299326,2,4618.5,4352.0,102.675,6.750
299331,2,4650.5,4352.0,104.275,6.750
299337,2,4670.5,4352.0,105.275,6.750
299343,2,4732.5,4352.0,108.375,6.750
299344,2,4736.5,4352.0,108.575,6.750
299345,2,4742.5,4352.0,108.875,6.750
299346,2,4760.5,4352.0,109.775,6.750
299351,2,4812.5,4352.0,112.375,6.750
301179,2,3037.0,4359.5,23.600,6.375
301180,2,3047.0,4359.5,24.100,6.375
301726,2,2230.5,4362.0,-16.725,6.250
301728,2,2236.5,4362.0,-16.425,6.250
301857,2,3040.5,4362.0,23.775,6.250
301859,3,3047.0,4362.0,24.100,6.250
301860,2,3050.5,4362.0,24.275,6.250
302168,2,4354.5,4362.0,89.475,6.250
302172,2,4364.5,4362.0,89.975,6.250
302180,2,4436.5,4362.0,93.575,6.250
302185,2,4484.5,4362.0,95.975,6.250
302186,2,4486.5,4362.0,96.075,6.250
302187,2,4488.5,4362.0,96.175,6.250
302188,2,4490.5,4362.0,96.275,6.250
302190,2,4496.5,4362.0,96.575,6.250
302192,2,4510.5,4362.0,97.275,6.250
302207,2,4600.5,4362.0,101.775,6.250
302211,2,4626.5,4362.0,103.075,6.250
302212,2,4646.5,4362.0,104.075,6.250
302214,2,4704.5,4362.0,106.975,6.250
302216,2,4722.5,4362.0,107.875,6.250
302217,2,4724.5,4362.0,107.975,6.250
304831,3,3037.0,4372.0,23.600,5.750
305068,2,4222.5,4372.0,82.875,5.750
305069,2,4226.5,4372.0,83.075,5.750
305073,2,4238.5,4372.0,83.675,5.750
305076,2,4260.5,4372.0,84.775,5.750
305080,2,4296.5,4372.0,86.575,5.750
305081,2,4300.5,4372.0,86.775,5.750
305082,2,4306.5,4372.0,87.075,5.750
305083,2,4314.5,4372.0,87.475,5.750
305084,2,4316.5,4372.0,87.575,5.750
305102,2,4486.5,4372.0,96.075,5.750
305103,2,4488.5,4372.0,96.175,5.750
305104,2,4496.5,4372.0,96.575,5.750
305105,2,4502.5,4372.0,96.875,5.750
305106,2,4506.5,4372.0,97.075,5.750
305111,2,4534.5,4372.0,98.475,5.750
305113,2,4546.5,4372.0,99.075,5.750
305117,2,4568.5,4372.0,100.175,5.750
305121,2,4606.5,4372.0,102.075,5.750
305122,2,4612.5,4372.0,102.375,5.750
305125,2,4636.5,4372.0,103.575,5.750
305127,2,4640.5,4372.0,103.775,5.750
305129,2,4662.5,4372.0,104.875,5.750
305130,2,4664.5,4372.0,104.975,5.750
305131,2,4666.5,4372.0,105.075,5.750
305134,2,4684.5,4372.0,105.975,5.750
305135,2,4688.5,4372.0,106.175,5.750
305136,2,4698.5,4372.0,106.675,5.750
307029,2,3037.0,4379.5,23.600,5.375
307641,3,3027.0,4382.0,23.100,5.250
307642,2,3040.5,4382.0,23.775,5.250
307787,2,4172.5,4382.0,80.375,5.250
307789,2,4186.5,4382.0,81.075,5.250
307792,2,4214.5,4382.0,82.475,5.250
307793,2,4220.5,4382.0,82.775,5.250
307796,2,4230.5,4382.0,83.275,5.250
307799,2,4272.5,4382.0,85.375,5.250
307800,2,4280.5,4382.0,85.775,5.250
307803,2,4300.5,4382.0,86.775,5.250
307807,2,4344.5,4382.0,88.975,5.250
307808,2,4350.5,4382.0,89.275,5.250
307809,2,4360.5,4382.0,89.775,5.250
307814,2,4444.5,4382.0,93.975,5.250
307816,2,4462.5,4382.0,94.875,5.250
307820,2,4478.5,4382.0,95.675,5.250
307821,2,4482.5,4382.0,95.875,5.250
307824,2,4492.5,4382.0,96.375,5.250
307825,2,4496.5,4382.0,96.575,5.250
307826,2,4498.5,4382.0,96.675,5.250
307828,2,4516.5,4382.0,97.575,5.250
307831,2,4522.5,4382.0,97.875,5.250
307835,2,4530.5,4382.0,98.275,5.250
307838,2,4538.5,4382.0,98.675,5.250
307842,2,4560.5,4382.0,99.775,5.250
307843,2,4562.5,4382.0,99.875,5.250
307845,2,4572.5,4382.0,100.375,5.250
307846,2,4574.5,4382.0,100.475,5.250
307848,2,4580.5,4382.0,100.775,5.250
307850,2,4586.5,4382.0,101.075,5.250
307851,2,4592.5,4382.0,101.375,5.250
307852,2,4594.5,4382.0,101.475,5.250
307853,2,4596.5,4382.0,101.575,5.250
307854,2,4598.5,4382.0,101.675,5.250
307856,2,4612.5,4382.0,102.375,5.250
307862,2,4634.5,4382.0,103.475,5.250
307863,2,4646.5,4382.0,104.075,5.250
307864,2,4650.5,4382.0,104.275,5.250
307865,2,4652.5,4382.0,104.375,5.250
307867,2,4660.5,4382.0,104.775,5.250
307868,2,4662.5,4382.0,104.875,5.250
307872,2,4688.5,4382.0,106.175,5.250
309031,2,3037.0,4386.5,23.600,5.025
309527,2,3037.0,4389.5,23.600,4.875
309926,2,2262.5,4392.0,-15.125,4.750
309927,2,2264.5,4392.0,-15.025,4.750
310138,2,4146.5,4392.0,79.075,4.750
310139,2,4150.5,4392.0,79.275,4.750
310144,2,4180.5,4392.0,80.775,4.750
310147,2,4194.5,4392.0,81.475,4.750
310149,2,4210.5,4392.0,82.275,4.750
310152,2,4222.5,4392.0,82.875,4.750
310155,2,4228.5,4392.0,83.175,4.750
310156,2,4230.5,4392.0,83.275,4.750
310159,2,4266.5,4392.0,85.075,4.750
310162,2,4288.5,4392.0,86.175,4.750
310163,2,4296.5,4392.0,86.575,4.750
310168,2,4316.5,4392.0,87.575,4.750
310170,2,4332.5,4392.0,88.375,4.750
310172,2,4336.5,4392.0,88.575,4.750
310175,2,4368.5,4392.0,90.175,4.750
310177,2,4372.5,4392.0,90.375,4.750
310178,2,4374.5,4392.0,90.475,4.750
310185,2,4452.5,4392.0,94.375,4.750
310187,2,4458.5,4392.0,94.675,4.750
310193,2,4484.5,4392.0,95.975,4.750
310194,2,4490.5,4392.0,96.275,4.750
310202,2,4550.5,4392.0,99.275,4.750
310203,2,4554.5,4392.0,99.475,4.750
310205,2,4584.5,4392.0,100.975,4.750
310211,2,4630.5,4392.0,103.275,4.750
310216,2,4650.5,4392.0,104.275,4.750
310217,2,4658.5,4392.0,104.675,4.750
310222,2,4726.5,4392.0,108.075,4.750
311343,2,3037.0,4396.5,23.600,4.525
312271,2,3044.5,4402.0,23.975,4.250
312307,2,4087.5,4402.0,76.125,4.250
312311,2,4176.5,4402.0,80.575,4.250
312313,2,4192.5,4402.0,81.375,4.250
312314,2,4198.5,4402.0,81.675,4.250
312318,2,4224.5,4402.0,82.975,4.250
312319,2,4226.5,4402.0,83.075,4.250
312320,2,4232.5,4402.0,83.375,4.250
312322,2,4242.5,4402.0,83.875,4.250
312323,2,4248.5,4402.0,84.175,4.250
312324,2,4274.5,4402.0,85.475,4.250
312326,2,4304.5,4402.0,86.975,4.250
312329,2,4328.5,4402.0,88.175,4.250
312331,2,4332.5,4402.0,88.375,4.250
312334,2,4338.5,4402.0,88.675,4.250
312344,2,4442.5,4402.0,93.875,4.250
312347,2,4474.5,4402.0,95.475,4.250
312351,2,4554.5,4402.0,99.475,4.250
312352,2,4566.5,4402.0,100.075,4.250
312353,2,4574.5,4402.0,100.475,4.250
312356,2,4586.5,4402.0,101.075,4.250
312360,2,4652.5,4402.0,104.375,4.250
312362,2,4664.5,4402.0,104.975,4.250
312607,2,3997.0,4402.5,71.600,4.225
314272,2,2258.5,4412.0,-15.325,3.750
314392,3,3007.0,4412.0,22.100,3.750
314406,2,3990.5,4412.0,71.275,3.750
314408,2,3997.5,4412.0,71.625,3.750
314426,2,4172.5,4412.0,80.375,3.750
314428,2,4178.5,4412.0,80.675,3.750
314430,2,4204.5,4412.0,81.975,3.750
314431,2,4216.5,4412.0,82.575,3.750
314432,2,4230.5,4412.0,83.275,3.750
314437,2,4284.5,4412.0,85.975,3.750
314442,2,4318.5,4412.0,87.675,3.750
314456,2,4562.5,4412.0,99.875,3.750
314458,2,4570.5,4412.0,100.275,3.750
314460,2,4578.5,4412.0,100.675,3.750
314462,2,4582.5,4412.0,100.875,3.750
314677,2,3907.0,4412.5,67.100,3.725
314685,2,3987.0,4412.5,71.100,3.725
315947,2,3057.0,4419.5,24.600,3.375
315952,2,3457.0,4419.5,44.600,3.375
316305,2,2254.5,4422.0,-15.525,3.250
316397,3,3977.0,4422.0,70.600,3.250
316398,2,4024.5,4422.0,72.975,3.250
316401,2,4092.5,4422.0,76.375,3.250
316403,2,4120.5,4422.0,77.775,3.250
316405,2,4150.5,4422.0,79.275,3.250
316406,2,4172.5,4422.0,80.375,3.250
316407,2,4174.5,4422.0,80.475,3.250
316412,2,4200.5,4422.0,81.775,3.250
316414,2,4214.5,4422.0,82.475,3.250
316415,2,4216.5,4422.0,82.575,3.250
316418,2,4228.5,4422.0,83.175,3.250
316419,2,4230.5,4422.0,83.275,3.250
316420,2,4232.5,4422.0,83.375,3.250
316421,2,4234.5,4422.0,83.475,3.250
316422,2,4246.5,4422.0,84.075,3.250
316423,2,4260.5,4422.0,84.775,3.250
316424,2,4264.5,4422.0,84.975,3.250
316425,2,4274.5,4422.0,85.475,3.250
316427,2,4286.5,4422.0,86.075,3.250
316428,2,4294.5,4422.0,86.475,3.250
316429,2,4296.5,4422.0,86.575,3.250
316432,2,4318.5,4422.0,87.675,3.250
316434,2,4416.5,4422.0,92.575,3.250
316435,2,4420.5,4422.0,92.775,3.250
316437,2,4454.5,4422.0,94.475,3.250
316443,2,4522.5,4422.0,97.875,3.250
316447,2,4580.5,4422.0,100.775,3.250
316660,2,4027.0,4422.5,73.100,3.225
317396,2,3997.0,4426.5,71.600,3.025
318138,2,2294.5,4432.0,-13.525,2.750
318139,2,2318.5,4432.0,-12.325,2.750
318163,2,2937.5,4432.0,18.625,2.750
318174,2,3360.5,4432.0,39.775,2.750
318185,2,3872.5,4432.0,65.375,2.750
318186,2,3887.0,4432.0,66.100,2.750
318190,2,3967.5,4432.0,70.125,2.750
318196,2,4004.5,4432.0,71.975,2.750
318201,2,4138.5,4432.0,78.675,2.750
318207,2,4168.5,4432.0,80.175,2.750
318212,2,4212.5,4432.0,82.375,2.750
318215,2,4242.5,4432.0,83.875,2.750
318216,2,4246.5,4432.0,84.075,2.750
318217,2,4248.5,4432.0,84.175,2.750
318233,2,4532.5,4432.0,98.375,2.750
318234,2,4538.5,4432.0,98.675,2.750
318236,2,4544.5,4432.0,98.975,2.750
318238,2,4550.5,4432.0,99.275,2.750
318241,2,4578.5,4432.0,100.675,2.750
319431,2,2707.0,4439.5,7.100,2.375
319469,2,3967.0,4439.5,70.100,2.375
319739,2,2366.5,4442.0,-9.925,2.250
319741,2,2380.5,4442.0,-9.225,2.250
319743,2,2404.5,4442.0,-8.025,2.250
319753,2,2508.5,4442.0,-2.825,2.250
319754,2,2562.5,4442.0,-0.125,2.250
319766,2,2922.5,4442.0,17.875,2.250
319789,2,3932.5,4442.0,68.375,2.250
319790,2,3942.5,4442.0,68.875,2.250
319798,2,4158.5,4442.0,79.675,2.250
319799,2,4160.5,4442.0,79.775,2.250
319800,2,4162.5,4442.0,79.875,2.250
319801,2,4164.5,4442.0,79.975,2.250
319802,2,4166.5,4442.0,80.075,2.250
319803,2,4168.5,4442.0,80.175,2.250
319804,2,4170.5,4442.0,80.275,2.250
319805,2,4172.5,4442.0,80.375,2.250
319806,2,4174.5,4442.0,80.475,2.250
319807,2,4176.5,4442.0,80.575,2.250
319808,2,4178.5,4442.0,80.675,2.250
319809,2,4180.5,4442.0,80.775,2.250
319810,2,4182.5,4442.0,80.875,2.250
319811,2,4184.5,4442.0,80.975,2.250
319812,2,4186.5,4442.0,81.075,2.250
319813,2,4188.5,4442.0,81.175,2.250
319814,2,4190.5,4442.0,81.275,2.250
319815,2,4192.5,4442.0,81.375,2.250
319816,2,4194.5,4442.0,81.475,2.250
320999,2,791.0,4452.0,-88.700,1.750
321117,2,2340.5,4452.0,-11.225,1.750
321126,2,2474.5,4452.0,-4.525,1.750
321127,2,2476.5,4452.0,-4.425,1.750
321136,2,2747.0,4452.0,9.100,1.750
321143,3,3247.0,4452.0,34.100,1.750
321147,2,3360.5,4452.0,39.775,1.750
321148,2,3367.5,4452.0,40.125,1.750
321168,2,4024.5,4452.0,72.975,1.750
321169,2,4030.5,4452.0,73.275,1.750
321345,2,2567.0,4452.5,0.100,1.725
321602,2,2567.0,4454.5,0.100,1.625
321923,2,2837.0,4456.5,13.600,1.525
321968,2,3937.0,4456.5,68.600,1.525
322223,2,2003.0,4459.5,-28.100,1.375
322565,2,2260.5,4462.0,-15.225,1.250
322568,2,2292.5,4462.0,-13.625,1.250
322573,2,2366.5,4462.0,-9.925,1.250
322578,2,2436.5,4462.0,-6.425,1.250
322579,2,2438.5,4462.0,-6.325,1.250
322580,2,2442.5,4462.0,-6.125,1.250
322582,2,2452.5,4462.0,-5.625,1.250
322591,2,2556.5,4462.0,-0.425,1.250
322596,3,2727.0,4462.0,8.100,1.250
322597,2,2732.5,4462.0,8.375,1.250
322599,2,2744.5,4462.0,8.975,1.250
322603,2,2857.0,4462.0,14.600,1.250
322608,2,3110.5,4462.0,27.275,1.250
322621,2,3346.5,4462.0,39.075,1.250
322632,2,3657.0,4462.0,54.600,1.250
322634,2,3812.5,4462.0,62.375,1.250
322641,2,4017.0,4462.0,72.600,1.250
322924,2,3587.0,4462.5,51.100,1.225
323159,2,2827.0,4464.5,13.100,1.125
323558,2,2827.0,4466.5,13.100,1.025
323575,2,3007.0,4466.5,22.100,1.025
324016,2,3027.0,4469.5,23.100,0.875
324438,2,1983.0,4472.0,-29.100,0.750
324449,2,2300.5,4472.0,-13.225,0.750
324451,2,2326.5,4472.0,-11.925,0.750
324456,2,2428.5,4472.0,-6.825,0.750
324460,2,2460.5,4472.0,-5.225,0.750
324464,2,2550.5,4472.0,-0.725,0.750
324468,2,2572.5,4472.0,0.375,0.750
324471,2,2596.5,4472.0,1.575,0.750
324473,2,2696.5,4472.0,6.575,0.750
324482,2,2836.5,4472.0,13.575,0.750
324485,2,2892.5,4472.0,16.375,0.750
324486,2,2897.0,4472.0,16.600,0.750
324487,2,2907.0,4472.0,17.100,0.750
324488,2,2910.5,4472.0,17.275,0.750
324491,2,2920.5,4472.0,17.775,0.750
324492,2,2924.5,4472.0,17.975,0.750
324494,2,2940.5,4472.0,18.775,0.750
324496,2,2947.5,4472.0,19.125,0.750
324505,2,3007.5,4472.0,22.125,0.750
324506,2,3014.5,4472.0,22.475,0.750
324507,2,3016.5,4472.0,22.575,0.750
324508,2,3030.5,4472.0,23.275,0.750
324515,2,3277.0,4471.5,35.600,0.775
324518,2,3344.5,4472.0,38.975,0.750
324526,2,3462.5,4472.0,44.875,0.750
325102,2,2907.0,4474.5,17.100,0.625
325111,2,2987.0,4474.5,21.100,0.625
325131,2,3857.0,4474.5,64.600,0.625
325501,2,2597.0,4476.5,1.600,0.525
325507,2,2717.0,4476.5,7.600,0.525
325528,2,2937.0,4476.5,18.600,0.525
325530,2,2947.0,4476.5,19.100,0.525
325543,2,3857.0,4476.5,64.600,0.525
325876,2,1813.0,4479.5,-37.600,0.375
325880,2,1913.0,4479.5,-32.600,0.375
325913,2,2727.0,4479.5,8.100,0.375
325940,2,2947.0,4479.5,19.100,0.375
325954,2,3227.0,4479.5,33.100,0.375
325959,2,3347.0,4479.5,39.100,0.375
326263,2,1723.0,4481.5,-42.100,0.275
326265,2,1983.0,4481.5,-29.100,0.275
326266,2,1993.0,4482.0,-28.600,0.250
326270,2,2246.5,4482.0,-15.925,0.250
326277,2,2320.5,4482.0,-12.225,0.250
326286,2,2444.5,4482.0,-6.025,0.250
326288,2,2466.5,4482.0,-4.925,0.250
326289,2,2518.5,4482.0,-2.325,0.250
326295,2,2564.5,4482.0,-0.025,0.250
326297,2,2572.5,4482.0,0.375,0.250
326299,2,2610.5,4482.0,2.275,0.250
326305,2,2696.5,4482.0,6.575,0.250
326307,2,2727.0,4481.5,8.100,0.275
326308,2,2732.5,4482.0,8.375,0.250
326314,2,2840.5,4482.0,13.775,0.250
326315,2,2857.0,4481.5,14.600,0.275
326318,3,2917.0,4482.0,17.600,0.250
326333,3,3467.0,4482.0,45.100,0.250
326832,2,2907.0,4484.5,17.100,0.125
327060,2,1893.0,4486.5,-33.600,0.025
327423,2,2647.0,4489.5,4.100,-0.125
327718,2,1593.5,4492.0,-48.575,-0.250
327727,2,1903.0,4492.0,-33.100,-0.250
327740,2,2376.5,4492.0,-9.425,-0.250
327741,2,2400.5,4492.0,-8.225,-0.250
327743,2,2434.5,4492.0,-6.525,-0.250
327748,2,2480.5,4492.0,-4.225,-0.250
327749,2,2536.5,4492.0,-1.425,-0.250
327753,2,2566.5,4492.0,0.075,-0.250
327754,2,2570.5,4492.0,0.275,-0.250
327755,2,2572.5,4492.0,0.375,-0.250
327756,2,2574.5,4492.0,0.475,-0.250
327766,2,2737.0,4491.5,8.600,-0.225
327767,2,2740.5,4492.0,8.775,-0.250
328044,2,1823.0,4492.5,-37.100,-0.275
328077,2,2837.0,4492.5,13.600,-0.275
328188,2,1637.0,4494.5,-46.400,-0.375
328470,2,931.0,4496.5,-81.700,-0.475
329120,2,1600.5,4502.0,-48.225,-0.750
329128,2,1903.5,4502.0,-33.075,-0.750
329142,2,2258.5,4502.0,-15.325,-0.750
329145,2,2310.5,4502.0,-12.725,-0.750
329147,2,2448.5,4502.0,-5.825,-0.750
329150,2,2540.5,4502.0,-1.225,-0.750
329155,2,2594.5,4502.0,1.475,-0.750
329157,2,2607.0,4501.5,2.100,-0.725
329158,2,2672.5,4502.0,5.375,-0.750
329161,2,2737.5,4502.0,8.625,-0.750
329163,2,2817.0,4501.5,12.600,-0.725
329167,2,2852.5,4502.0,14.375,-0.750
329169,2,2934.5,4502.0,18.475,-0.750
330472,2,1996.5,4512.0,-28.425,-1.250
330478,2,2284.5,4512.0,-14.025,-1.250
330479,2,2312.5,4512.0,-12.625,-1.250
330483,2,2472.5,4512.0,-4.625,-1.250
330485,2,2538.5,4512.0,-1.325,-1.250
330487,2,2564.5,4512.0,-0.025,-1.250
330920,2,1783.0,4514.5,-39.100,-1.375
331846,2,1183.0,4522.0,-69.100,-1.750
331852,2,1783.0,4522.0,-39.100,-1.750
331862,2,2232.5,4522.0,-16.625,-1.750
333043,2,1660.5,4532.0,-45.225,-2.250
333044,2,1700.5,4532.0,-43.225,-2.250
334325,2,1597.0,4542.5,-48.400,-2.775
334456,2,1597.0,4544.5,-48.400,-2.875
335233,2,1600.5,4552.0,-48.225,-3.250
